0.033575890343141804.jpg,358,009549,285,05298
0.06715178068628361.jpg,358,009549,285,05298
0.10072767102942541.jpg,358,009549,285,05298
0.13430356137256722.jpg,358,009549,285,05298
0.16787945171570903.jpg,358,009549,285,05298
0.20145534205885082.jpg,358,009549,285,05298
0.23503123240199264.jpg,358,009549,285,05298
0.26860712274513443.jpg,358,009549,285,05298
0.3021830130882762.jpg,358,009549,285,05298
0.33575890343141807.jpg,358,009549,285,05298
0.36933479377455986.jpg,358,009549,285,05298
0.40291068411770165.jpg,358,009549,285,05298
0.43648657446084344.jpg,358,009549,285,05298
0.4700624648039853.jpg,358,009549,285,05298
0.5036383551471271.jpg,358,009549,285,05298
0.5372142454902689.jpg,358,009549,285,05298
0.5707901358334107.jpg,358,009554,285,05298
0.6043660261765524.jpg,358,009554,285,05296
0.6379419165196943.jpg,358,009554,285,05296
0.6715178068628361.jpg,358,009554,285,05296
0.7050936972059779.jpg,358,009554,285,05296
0.7386695875491197.jpg,358,009554,285,05296
0.7722454778922615.jpg,358,009554,285,05296
0.8058213682354033.jpg,358,009554,285,05296
0.8393972585785451.jpg,358,009554,285,05296
0.8729731489216869.jpg,358,009554,285,05296
0.9065490392648288.jpg,358,009554,285,05296
0.9401249296079706.jpg,358,009554,285,05296
0.9737008199511124.jpg,358,009554,285,05296
1.0072767102942541.jpg,358,009554,285,05296
1.040852600637396.jpg,358,009554,285,05296
1.0744284909805377.jpg,358,009554,285,05296
1.1080043813236795.jpg,358,009554,285,05296
1.1415802716668213.jpg,358,009554,285,05296
1.175156162009963.jpg,358,009554,285,05296
1.2087320523531049.jpg,358,009554,285,05296
1.2423079426962467.jpg,358,009554,285,05296
1.2758838330393887.jpg,358,009554,285,05296
1.3094597233825305.jpg,358,009554,285,05296
1.3430356137256723.jpg,358,009554,285,05296
1.376611504068814.jpg,358,009554,285,05296
1.4101873944119558.jpg,358,009554,285,05296
1.4437632847550976.jpg,358,009554,285,05296
1.4773391750982394.jpg,358,009554,285,05296
1.5109150654413812.jpg,358,009554,285,05296
1.544490955784523.jpg,358,009554,285,05296
1.5780668461276648.jpg,358,009552,285,009541
1.6116427364708066.jpg,358,009552,285,007541
1.6452186268139484.jpg,358,009552,285,007541
1.6787945171570902.jpg,358,009552,285,007541
1.712370407500232.jpg,358,009552,285,007541
1.7459462978433737.jpg,358,009552,285,007541
1.7795221881865155.jpg,358,009552,285,007541
1.8130980785296575.jpg,358,009552,285,007541
1.8466739688727993.jpg,358,009552,285,007541
1.8802498592159411.jpg,358,009552,285,007541
1.913825749559083.jpg,358,009552,285,007541
1.9474016399022247.jpg,358,009552,285,007541
1.9809775302453665.jpg,358,009552,285,007541
10.005615322256258.jpg,358,009554,285,05293
10.0391912125994.jpg,358,009554,285,05293
10.07276710294254.jpg,358,009554,285,05293
10.106342993285683.jpg,358,009554,285,05293
10.139918883628825.jpg,358,009554,285,05293
10.173494773971967.jpg,358,009554,285,05293
10.20707066431511.jpg,358,009554,285,05293
10.24064655465825.jpg,358,009554,285,05293
10.274222445001392.jpg,358,009554,285,05293
10.307798335344534.jpg,358,009554,285,05293
10.341374225687677.jpg,358,009554,285,05293
10.374950116030817.jpg,358,009554,285,05293
10.40852600637396.jpg,358,009554,285,05293
10.442101896717102.jpg,358,009554,285,05293
10.475677787060244.jpg,358,009554,285,05293
10.509253677403384.jpg,358,009554,285,05293
10.542829567746526.jpg,358,009554,285,05293
10.576405458089669.jpg,358,009549,285,05293
10.609981348432811.jpg,358,009549,285,05291
10.643557238775951.jpg,358,009549,285,05291
10.677133129119094.jpg,358,009549,285,05291
10.710709019462236.jpg,358,009549,285,05291
10.744284909805378.jpg,358,009549,285,05291
10.777860800148519.jpg,358,009549,285,05291
10.81143669049166.jpg,358,009549,285,05291
10.845012580834803.jpg,358,009549,285,05291
